exam,subject,chapter,unit,topic,difficulty,type,marks,negativeMarks,text,optionA,optionB,optionC,optionD,correctOption,explanation
SSC CGL Tier 1,English Comprehension,Sentence improvement,Sentence improvement,Sentence Improvement,Medium,MCQ,2,0.5,"The corporate team felt that the new project was too risky to undertake, so they decided to back down.",back out,back up,back off,No improvement,A,"""Back out"" means to withdraw from an agreement, commitment, or project. ""Back down"" means to admit defeat in an argument. Here, the context is about withdrawing from a project."
SSC CGL Tier 1,English Comprehension,Sentence improvement,Sentence improvement,Sentence Improvement,Medium,MCQ,2,0.5,Scarcely had he reached the station than the train started.,then,when,before,No improvement,B,"According to the rule of correlative conjunctions, ""Scarcely"" and ""Hardly"" are followed by ""when"" or ""before,"" not ""than."" ""Than"" is used with ""No sooner."""
SSC CGL Tier 1,English Comprehension,Sentence improvement,Sentence improvement,Sentence Improvement,Medium,MCQ,2,0.5,She is looking forward to meet her childhood friend after a decade.,to meeting,for meeting,to be meeting,No improvement,A,"The phrase ""look forward to"" is always followed by a gerund (Verb + ing), not by an infinitive (to + Verb)."
SSC CGL Tier 1,English Comprehension,Sentence improvement,Sentence improvement,Sentence Improvement,Medium,MCQ,2,0.5,"If I was a king, I would help the poor and needy of my kingdom.",am,had been,were,No improvement,C,"This is a hypothetical conditional sentence. In such imaginary situations, ""were"" is used for all subjects, whether singular or plural."
SSC CGL Tier 1,English Comprehension,Sentence improvement,Sentence improvement,Sentence Improvement,Medium,MCQ,2,0.5,The teacher as well as her students are present in the seminar.,is,have been,were,No improvement,A,"When subjects are connected by ""as well as,"" ""along with,"" or ""together with,"" the verb agrees with the first subject. Since ""The teacher"" is singular, the correct verb is ""is."""
SSC CGL Tier 1,English Comprehension,Sentence improvement,Sentence improvement,Sentence Improvement,Medium,MCQ,2,0.5,He is senior than me in the digital marketing department.,to,over,from,No improvement,A,"Latin adjectives such as senior, junior, superior, inferior, and prior take the preposition ""to"" instead of ""than."""
SSC CGL Tier 1,English Comprehension,Sentence improvement,Sentence improvement,Sentence Improvement,Medium,MCQ,2,0.5,I have been living in this chaotic city since five years.,from,for,before,No improvement,B,"""For"" is used to indicate a period or duration of time, whereas ""since"" is used to indicate a specific point in time."
SSC CGL Tier 1,English Comprehension,Sentence improvement,Sentence improvement,Sentence Improvement,Medium,MCQ,2,0.5,No sooner did the bell ring when the children ran out of their classrooms.,than,then,before,No improvement,A,"The correlative conjunction ""No sooner"" is always followed by ""than."""
SSC CGL Tier 1,English Comprehension,Sentence improvement,Sentence improvement,Sentence Improvement,Medium,MCQ,2,0.5,"Unless you do not work hard, you cannot clear the Tier-2 exam.",work hard,will not work hard,had worked hard,No improvement,A,"""Unless"" already carries a negative meaning equivalent to ""if not."" Therefore, using another negative word such as ""not"" is incorrect."
SSC CGL Tier 1,English Comprehension,Sentence improvement,Sentence improvement,Sentence Improvement,Medium,MCQ,2,0.5,I am tired with walking such a long distance in the sun.,of,by,from,No improvement,A,"The fixed expression is ""tired of,"" which means exhausted or fed up because of an activity or situation."
SSC CGL Tier 1,English Comprehension,Sentence improvement,Sentence improvement,Sentence Improvement,Hard,MCQ,2,0.5,Detailed dynamic reports are preparing by the analysis team this week.,are being prepared,have prepared,is preparing,No improvement,A,"The reports receive the action rather than perform it. Therefore, the sentence requires the Present Continuous Passive Voice form: ""are being prepared."""
SSC CGL Tier 1,English Comprehension,Sentence improvement,Sentence improvement,Sentence Improvement,Hard,MCQ,2,0.5,"He didn't know the answer, did he?",didn't he?,does he?,was he?,No improvement,D,"A negative statement takes a positive question tag. Since the sentence is negative (""didn't know""), the correct tag is ""did he."""
SSC CGL Tier 1,English Comprehension,Sentence improvement,Sentence improvement,Sentence Improvement,Hard,MCQ,2,0.5,Every man and every woman have the right to express their opinion.,has,are having,have had,No improvement,A,"When singular nouns are preceded by ""every"" and joined by ""and,"" they take a singular verb."
SSC CGL Tier 1,English Comprehension,Sentence improvement,Sentence improvement,Sentence Improvement,Hard,MCQ,2,0.5,It is high time we start saving money for our future expenses.,started,will start,have started,No improvement,A,"Expressions such as ""It is high time"" are followed by a verb in the past subjunctive form (V2)."
SSC CGL Tier 1,English Comprehension,Sentence improvement,Sentence improvement,Sentence Improvement,Hard,MCQ,2,0.5,"Although he studied thoroughly, but he failed to secure the top rank.",yet,still,and,No improvement,A,"""Although"" and ""but"" should not be used together. ""Although"" may be followed by ""yet,"" or the sentence can simply continue without ""but."""
SSC CGL Tier 1,English Comprehension,Sentence improvement,Sentence improvement,Sentence Improvement,Hard,MCQ,2,0.5,"If he had informed me earlier, I will have picked him up from the airport.",would have,will be,had,No improvement,A,"This is a third conditional sentence. If the ""if-clause"" contains ""had + V3,"" the main clause should take ""would have + V3."""
SSC CGL Tier 1,English Comprehension,Sentence improvement,Sentence improvement,Sentence Improvement,Hard,MCQ,2,0.5,"By this time next year, she will complete her post-graduation degree.",will be completing,will have completed,completes,No improvement,B,"The phrase ""By this time next year"" indicates that an action will be completed before a specific future time. Therefore, the Future Perfect Tense is required."
SSC CGL Tier 1,English Comprehension,Sentence improvement,Sentence improvement,Sentence Improvement,Hard,MCQ,2,0.5,I have seen him yesterday at the shopping mall but he didn't see me.,saw,had seen,am seeing,No improvement,A,"""Yesterday"" is a definite past time marker, so the Simple Past Tense should be used instead of the Present Perfect Tense."
SSC CGL Tier 1,English Comprehension,Sentence improvement,Sentence improvement,Sentence Improvement,Hard,MCQ,2,0.5,"Suppose if you are selected for the post, which city would you prefer?",Supposing if,If suppose,If,No improvement,C,"""Suppose"" and ""if"" convey the same meaning. Using both together creates redundancy."
SSC CGL Tier 1,English Comprehension,Sentence improvement,Sentence improvement,Sentence Improvement,Medium,MCQ,2,0.5,The water in the river is flowing over the danger mark since last evening.,flows,has been flowing,was flowing,No improvement,B,"The phrase ""since last evening"" indicates an action that began in the past and continues into the present, requiring the Present Perfect Continuous Tense."
SSC CGL Tier 1,English Comprehension,Sentence improvement,Sentence improvement,Sentence Improvement,Medium,MCQ,2,0.5,He has had his lunch an hour ago.,had,has,have had,No improvement,A,"""An hour ago"" refers to a definite time in the past, so the Simple Past Tense should be used instead of the Present Perfect Tense."
SSC CGL Tier 1,English Comprehension,Sentence improvement,Sentence improvement,Sentence Improvement,Medium,MCQ,2,0.5,I wish I am the Prime Minister of this country to solve unemployment.,was,have been,were,No improvement,C,"Sentences beginning with ""I wish"" express unreal or imaginary situations, and ""were"" is used for all subjects in such cases."
SSC CGL Tier 1,English Comprehension,Sentence improvement,Sentence improvement,Sentence Improvement,Medium,MCQ,2,0.5,She is having a luxurious car and a big house in Delhi.,has,owns having,is possessing,No improvement,A,"""Have"" is a stative verb when showing possession and is generally not used in continuous forms."
SSC CGL Tier 1,English Comprehension,Sentence improvement,Sentence improvement,Sentence Improvement,Medium,MCQ,2,0.5,No sooner did the thief see the police then he took to his heels.,when,than,before,No improvement,B,"The correlative conjunction ""No sooner"" is always followed by ""than."""
SSC CGL Tier 1,English Comprehension,Sentence improvement,Sentence improvement,Sentence Improvement,Medium,MCQ,2,0.5,"If I will win the lottery, I will buy a new house for my parents.",win,won,would win,No improvement,A,"In the First Conditional, the if-clause takes the Simple Present Tense, while the main clause takes the Simple Future Tense."
SSC CGL Tier 1,English Comprehension,Sentence improvement,Sentence improvement,Sentence Improvement,Medium,MCQ,2,0.5,The train left the station before we arrived there.,had left,has left,was leaving,No improvement,A,"When two actions occurred in the past, the action completed earlier takes the Past Perfect Tense."
SSC CGL Tier 1,English Comprehension,Sentence improvement,Sentence improvement,Sentence Improvement,Medium,MCQ,2,0.5,I am looking forward to receive your reply soon.,receiving,received,be receiving,No improvement,A,"""Look forward to"" is followed by a gerund because ""to"" functions as a preposition in this expression."
SSC CGL Tier 1,English Comprehension,Sentence improvement,Sentence improvement,Sentence Improvement,Easy,MCQ,2,0.5,He is working in this company for the past ten years.,works,has been working,was working,No improvement,B,"The duration phrase ""for the past ten years"" requires the Present Perfect Continuous Tense."
SSC CGL Tier 1,English Comprehension,Sentence improvement,Sentence improvement,Sentence Improvement,Easy,MCQ,2,0.5,The custom has been hard to root out because it is centuries old.,been hard to root up,hard rooted out,been deeply rooted,No improvement,D,"""Root out"" is a phrasal verb meaning to eliminate something completely. The sentence is already correct."
SSC CGL Tier 1,English Comprehension,Sentence improvement,Sentence improvement,Sentence Improvement,Easy,MCQ,2,0.5,"It is raining heavily since morning, so the match was called off.",had been raining,has been raining,rained,No improvement,A,"Since the cancellation of the match is described in the past, the ongoing action before that point should be expressed in the Past Perfect Continuous Tense."
SSC CGL Tier 1,English Comprehension,Sentence improvement,Sentence improvement,Sentence Improvement,Easy,MCQ,2,0.5,She told me that she will go to Mumbai the next day.,would go,shall go,goes,No improvement,A,"In indirect speech, if the reporting verb is in the past tense, ""will"" changes to ""would."""
SSC CGL Tier 1,English Comprehension,Sentence improvement,Sentence improvement,Sentence Improvement,Easy,MCQ,2,0.5,He is discrete while discussing confidential matters with clients.,discreet,desecrate,discrete choice,No improvement,A,"""Discrete"" means separate or distinct, whereas ""discreet"" means careful and tactful. The context requires ""discreet."""
SSC CGL Tier 1,English Comprehension,Sentence improvement,Sentence improvement,Sentence Improvement,Medium,MCQ,2,0.5,You had better to consult a doctor before the condition worsens.,consult,consulting,consulted,No improvement,A,"Expressions such as ""had better,"" ""would rather,"" and ""let"" are followed by the bare infinitive without ""to."""
SSC CGL Tier 1,English Comprehension,Sentence improvement,Sentence improvement,Sentence Improvement,Medium,MCQ,2,0.5,The dynamic leader succeeded to capture the attention of the youth.,succeeded in capturing,succeeded to capturing,succeeded for capture,No improvement,A,"The verb ""succeed"" is followed by the preposition ""in,"" and the verb after a preposition takes the gerund form."
SSC CGL Tier 1,English Comprehension,Sentence improvement,Sentence improvement,Sentence Improvement,Medium,MCQ,2,0.5,"When we reached the stadium, the players already started warming up.",already started,had already started,have already started,No improvement,B,"The action of warming up occurred before we reached the stadium, so the Past Perfect Tense is required."
SSC CGL Tier 1,English Comprehension,Sentence improvement,Sentence improvement,Sentence Improvement,Medium,MCQ,2,0.5,"My brother does not smoke, nor he drinks.",nor does he drink,neither he drinks,nor he does drink,No improvement,A,"Clauses beginning with ""nor"" require inversion, where the auxiliary verb comes before the subject."
SSC CGL Tier 1,English Comprehension,Sentence improvement,Sentence improvement,Sentence Improvement,Medium,MCQ,2,0.5,"If I was you, I would never accept such a demotion.",am you,had been you,were you,No improvement,C,"In hypothetical or unreal conditional sentences, ""were"" is used instead of ""was."""
SSC CGL Tier 1,English Comprehension,Sentence improvement,Sentence improvement,Sentence Improvement,Medium,MCQ,2,0.5,The scheme has lapsed due to lack of adequate government funding.,is lapsed,lapsed,was lapsed,No improvement,D,"The Present Perfect structure ""has lapsed"" is correctly used to indicate that the scheme has come to an end."
SSC CGL Tier 1,English Comprehension,Sentence improvement,Sentence improvement,Sentence Improvement,Medium,MCQ,2,0.5,He denied to assist me in finishing the official paperwork.,refused to assist,denied assisting,refused assisting,No improvement,A,"""Refuse"" is followed by the infinitive form (to + verb) when declining a request. ""Deny"" is generally used to reject an accusation or admit not doing something."
SSC CGL Tier 1,English Comprehension,Sentence improvement,Sentence improvement,Sentence Improvement,Medium,MCQ,2,0.5,I lay in bed all day yesterday suffering from a severe migraine.,lied,laid,lain,No improvement,D,"The past tense of ""lie"" (to recline) is ""lay."" Since the sentence refers to yesterday, ""lay"" is correctly used."
SSC CGL Tier 1,English Comprehension,Sentence improvement,Sentence improvement,Sentence Improvement,Medium,MCQ,2,0.5,Either the manager or his subordinates is responsible for this massive data breach.,are,was,has been,No improvement,A,"In structures using ""either...or"" and ""neither...nor,"" the verb agrees with the subject nearest to it. ""Subordinates"" is plural, so ""are"" is correct."
SSC CGL Tier 1,English Comprehension,Sentence improvement,Sentence improvement,Sentence Improvement,Medium,MCQ,2,0.5,The furniture in this newly built apartment are made of high-quality teak wood.,were,is,have been,No improvement,B,"""Furniture"" is an uncountable noun and always takes a singular verb."
SSC CGL Tier 1,English Comprehension,Sentence improvement,Sentence improvement,Sentence Improvement,Medium,MCQ,2,0.5,One of the student from our batch has cleared the UPSC civil services exam.,students,student's,students',No improvement,A,"The correct structure is ""One of + plural noun + singular verb."""
SSC CGL Tier 1,English Comprehension,Sentence improvement,Sentence improvement,Sentence Improvement,Medium,MCQ,2,0.5,"Between you and I, I don't think this strategy will yield any profit.",me,myself,we,No improvement,A,"Pronouns following prepositions must be in the objective case. Therefore, ""me"" is correct after ""between."""
SSC CGL Tier 1,English Comprehension,Sentence improvement,Sentence improvement,Sentence Improvement,Medium,MCQ,2,0.5,Two-thirds of the book were ruined by the leakage in the roof.,was,are,have been,No improvement,A,"When a fraction refers to a singular or uncountable noun, it takes a singular verb."
SSC CGL Tier 1,English Comprehension,Sentence improvement,Sentence improvement,Sentence Improvement,Medium,MCQ,2,0.5,Each of the participants were given a certificate of appreciation.,was given,are given,have been given,No improvement,A,"Expressions such as ""each of"" take singular verbs because they refer to individuals separately."
SSC CGL Tier 1,English Comprehension,Sentence improvement,Sentence improvement,Sentence Improvement,Medium,MCQ,2,0.5,This is the same laptop which my father gifted me on my birthday.,who,that,whom,No improvement,B,"After expressions such as ""the same,"" ""the only,"" and superlatives, the relative pronoun ""that"" is preferred."
SSC CGL Tier 1,English Comprehension,Sentence improvement,Sentence improvement,Sentence Improvement,Medium,MCQ,2,0.5,Scarcely he had finished his speech when the audience broke into applause.,he finished,had he finished,did he finished,No improvement,B,Negative adverbs placed at the beginning of a sentence require inversion of the auxiliary verb and subject.
SSC CGL Tier 1,English Comprehension,Sentence improvement,Sentence improvement,Sentence Improvement,Medium,MCQ,2,0.5,The sceneries of Kashmir are absolutely breathtaking and mesmerizing.,scenery of Kashmir is,sceneries of Kashmir is,scenery of Kashmir are,No improvement,A,"""Scenery"" is an uncountable noun and does not have a plural form. It takes a singular verb."
SSC CGL Tier 1,English Comprehension,Sentence improvement,Sentence improvement,Sentence Improvement,Medium,MCQ,2,0.5,He solved the mathematical puzzle more quicker than his classmate.,more quickly,quicker,much quickly,No improvement,A,"The verb ""solved"" should be modified by an adverb. The correct comparative form is ""more quickly."" Double comparatives such as ""more quicker"" are incorrect."
SSC CGL Tier 1,English Comprehension,Sentence improvement,Sentence improvement,Sentence Improvement,Medium,MCQ,2,0.5,Whom do you think are going to win the man of the match award today?,Who,Whose,Which,No improvement,A,"The verb ""are going to win"" requires a subject pronoun. ""Who"" is used as a subject, whereas ""whom"" is used as an object."
SSC CGL Tier 1,English Comprehension,Sentence improvement,Sentence improvement,Sentence Improvement,Medium,MCQ,2,0.5,Economics are considered a tough subject by many competitive exam aspirants.,is,were,have been,No improvement,A,"Names of subjects such as Economics, Mathematics, and Physics appear plural but are treated as singular and take singular verbs."
SSC CGL Tier 1,English Comprehension,Sentence improvement,Sentence improvement,Sentence Improvement,Medium,MCQ,2,0.5,It was him who stood by me during my financial crisis.,he,himself,his,No improvement,A,"After expressions like ""It is"" or ""It was,"" the pronoun should be in the subjective case. Therefore, ""he"" is correct."
SSC CGL Tier 1,English Comprehension,Sentence improvement,Sentence improvement,Sentence Improvement,Medium,MCQ,2,0.5,My sister-in-laws have invited us to celebrate the festival together.,sister-in-law's have,sisters-in-law have,sisters-in-laws have,No improvement,B,"In compound nouns, the principal word takes the plural form. Therefore, the plural of ""sister-in-law"" is ""sisters-in-law."""
SSC CGL Tier 1,English Comprehension,Sentence improvement,Sentence improvement,Sentence Improvement,Medium,MCQ,2,0.5,Neither of the two candidates were found suitable for the executive profile.,was,are,have been,No improvement,A,"""Neither of"" is treated as singular and therefore requires a singular verb."
SSC CGL Tier 1,English Comprehension,Sentence improvement,Sentence improvement,Sentence Improvement,Medium,MCQ,2,0.5,The cattle is grazing peacefully in the green pasture down the valley.,are,was,has been,No improvement,A,"""Cattle"" is a collective noun used in a plural sense and always takes a plural verb."
SSC CGL Tier 1,English Comprehension,Sentence improvement,Sentence improvement,Sentence Improvement,Medium,MCQ,2,0.5,The jury were unanimous in its final decision regarding the verdict.,was unanimous in their,was unanimous in its,were unanimous in their,No improvement,B,"When a collective noun acts as a single unit and expresses unanimity, it takes a singular verb and singular pronoun."
SSC CGL Tier 1,English Comprehension,Sentence improvement,Sentence improvement,Sentence Improvement,Medium,MCQ,2,0.5,He behaves as if he knows everything about quantum astrophysics.,knew,had known,has known,No improvement,A,"""As if"" and ""as though"" expressing unreal situations are followed by the past subjunctive form."
SSC CGL Tier 1,English Comprehension,Sentence improvement,Sentence improvement,Sentence Improvement,Medium,MCQ,2,0.5,I bought two dozens bananas from the local street vendor.,dozen bananas,dozens banana,dozen banana,No improvement,A,"After definite numerals such as two, three, and four, words like dozen, hundred, and thousand remain singular, while the following noun remains plural."
SSC CGL Tier 1,English Comprehension,Sentence improvement,Sentence improvement,Sentence Improvement,Medium,MCQ,2,0.5,This is the boy whom I know saved the drowning child yesterday.,who,which,whose,No improvement,A,"The relative pronoun functions as the subject of the verb ""saved,"" so ""who"" is required instead of ""whom."""
SSC CGL Tier 1,English Comprehension,Sentence improvement,Sentence improvement,Sentence Improvement,Medium,MCQ,2,0.5,Five thousand rupees are a large sum for a poor laborer to arrange.,is,were,have been,No improvement,A,"A sum of money, distance, weight, or period considered as a single unit takes a singular verb."
SSC CGL Tier 1,English Comprehension,Sentence improvement,Sentence improvement,Sentence Improvement,Medium,MCQ,2,0.5,Every student should submit their assignment before Friday evening.,his,there,our,No improvement,A,"""Every student"" is singular; therefore, according to traditional grammar rules, it should take a singular possessive pronoun."
SSC CGL Tier 1,English Comprehension,Sentence improvement,Sentence improvement,Sentence Improvement,Medium,MCQ,2,0.5,The quality of these mangoes are not up to the export standards.,is,were,have been,No improvement,A,"The real subject of the sentence is ""The quality,"" which is singular and requires a singular verb."
SSC CGL Tier 1,English Comprehension,Sentence improvement,Sentence improvement,Sentence Improvement,Medium,MCQ,2,0.5,He is one of those men who does not compromise on moral principles.,do,is doing,has done,No improvement,A,"The relative pronoun ""who"" refers to ""men,"" which is plural; therefore, the plural verb ""do"" should be used."
SSC CGL Tier 1,English Comprehension,Sentence improvement,Sentence improvement,Sentence Improvement,Medium,MCQ,2,0.5,My scissors is missing from the study table drawer.,are,was,has been,No improvement,A,"Nouns such as scissors, trousers, spectacles, and tongs are plural in form and take plural verbs. However, ""a pair of scissors"" takes a singular verb."
SSC CGL Tier 1,English Comprehension,Sentence improvement,Sentence improvement,Sentence Improvement,Medium,MCQ,2,0.5,"Of the two smart variants, this smartphone is the best option.",better,most best,good,No improvement,A,"When comparing only two persons or things, the Comparative Degree is used. The Superlative Degree is used when comparing more than two."
SSC CGL Tier 1,English Comprehension,Sentence improvement,Sentence improvement,Sentence Improvement,Medium,MCQ,2,0.5,He is enough wise to understand the cunning political trap.,wise enough,more wise enough,wisest enough,No improvement,A,"The adverb ""enough"" is placed after the adjective it modifies. Therefore, the correct structure is ""adjective + enough."""
SSC CGL Tier 1,English Comprehension,Sentence improvement,Sentence improvement,Sentence Improvement,Medium,MCQ,2,0.5,She was so infuriated that she slammed the cabin door heavy.,heavily,heaviness,more heavy,No improvement,A,"The verb ""slammed"" should be modified by an adverb, not an adjective. Hence, ""heavily"" is the correct choice."
SSC CGL Tier 1,English Comprehension,Sentence improvement,Sentence improvement,Sentence Improvement,Medium,MCQ,2,0.5,This task is preferable than the one assigned to me last week.,preferable to,more preferable than,preferable over,No improvement,A,"The adjective ""preferable"" is followed by the preposition ""to,"" not ""than."" It should not be preceded by ""more."""
SSC CGL Tier 1,English Comprehension,Sentence improvement,Sentence improvement,Sentence Improvement,Medium,MCQ,2,0.5,The climate of Bengaluru is much better than Delhi.,than that of Delhi,than Delhi's climate,than those of Delhi,No improvement,A,"Comparisons should be made between similar entities. The climate of Bengaluru should be compared with the climate of Delhi, not with the city itself."
SSC CGL Tier 1,English Comprehension,Sentence improvement,Sentence improvement,Sentence Improvement,Medium,MCQ,2,0.5,He ran as fastly as he could to catch the last metro train.,as fast as,so fastly as,fast enough as,No improvement,A,"""Fast"" functions as both an adjective and an adverb. The word ""fastly"" is incorrect in standard English."
SSC CGL Tier 1,English Comprehension,Sentence improvement,Sentence improvement,Sentence Improvement,Medium,MCQ,2,0.5,I cannot cope up with this tremendous working pressure anymore.,cope up,cope with,cope forward with,No improvement,B,"The correct idiomatic expression is ""cope with,"" which means to deal successfully with a difficult situation."
SSC CGL Tier 1,English Comprehension,Sentence improvement,Sentence improvement,Sentence Improvement,Medium,MCQ,2,0.5,The aggressive dog was angry on the postman who entered the gate.,angry with,angry at,angry to,No improvement,A,"""Angry with"" is used when referring to a person, whereas ""angry at"" is generally used for situations or things."
SSC CGL Tier 1,English Comprehension,Sentence improvement,Sentence improvement,Sentence Improvement,Medium,MCQ,2,0.5,He abstained from voting in the local municipal elections.,to vote,against voting,from to vote,No improvement,D,"The verb ""abstain"" is correctly followed by the preposition ""from"" and a gerund form of the verb."
SSC CGL Tier 1,English Comprehension,Sentence improvement,Sentence improvement,Sentence Improvement,Medium,MCQ,2,0.5,She is the most unique singer I have ever heard in live concerts.,a unique,most unique,very unique,No improvement,A,"Adjectives such as ""unique,"" ""perfect,"" and ""complete"" express absolute qualities and generally do not take comparative or superlative forms."
SSC CGL Tier 1,English Comprehension,Sentence improvement,Sentence improvement,Sentence Improvement,Medium,MCQ,2,0.5,He has hardly some money left in his bank account after the premium payment.,hardly any,nearly some,hardly no,No improvement,A,"Words such as ""hardly,"" ""barely,"" and ""scarcely"" carry a negative sense and are followed by ""any,"" not ""some."""
SSC CGL Tier 1,English Comprehension,Sentence improvement,Sentence improvement,Sentence Improvement,Medium,MCQ,2,0.5,No other metal is as useful than iron in heavy industrial manufacturing.,as useful as,more useful as,so useful than,No improvement,A,"The correct structure for positive degree comparison is ""as + adjective + as."""
SSC CGL Tier 1,English Comprehension,Sentence improvement,Sentence improvement,Sentence Improvement,Medium,MCQ,2,0.5,He is too intelligent that he cannot be fooled easily by online scammers.,so intelligent that he cannot,too intelligent to,intelligent enough that he cannot,No improvement,A,"The structure ""so + adjective + that + clause"" is used to express cause and result. ""Too...to"" requires an infinitive rather than a clause."
SSC CGL Tier 1,English Comprehension,Sentence improvement,Sentence improvement,Sentence Improvement,Medium,MCQ,2,0.5,The dynamic young officer was invested with the power of magistrate.,in,by,for,No improvement,D,"The expression ""invested with"" means to formally confer authority, power, or responsibility upon someone. The sentence is grammatically correct."
SSC CGL Tier 1,English Comprehension,Sentence improvement,Sentence improvement,Sentence Improvement,Medium,MCQ,2,0.5,"If I will go to Delhi, I will bring your books.",go,would go,went,No improvement,A,"In the First Conditional, the if-clause takes the Simple Present Tense, while the main clause takes the Simple Future Tense."
SSC CGL Tier 1,English Comprehension,Sentence improvement,Sentence improvement,Sentence Improvement,Medium,MCQ,2,0.5,The standard of living in India is lower than England.,than that of England,than those of England,to England,No improvement,A,"The comparison is between the standard of living in India and the standard of living in England. ""That of"" avoids repetition of the singular noun."
SSC CGL Tier 1,English Comprehension,Sentence improvement,Sentence improvement,Sentence Improvement,Medium,MCQ,2,0.5,Neither the principal nor the lecturers was present in the meeting.,were,is,have,No improvement,A,"In ""Neither...nor"" constructions, the verb agrees with the subject nearest to it. Since ""lecturers"" is plural, ""were"" is correct."
SSC CGL Tier 1,English Comprehension,Sentence improvement,Sentence improvement,Sentence Improvement,Medium,MCQ,2,0.5,"He did not know how to solve the problem, and neither I did.",neither did I,neither I do,either did I,No improvement,A,"Negative agreement requires inversion after ""neither,"" placing the auxiliary verb before the subject."
SSC CGL Tier 1,English Comprehension,Sentence improvement,Sentence improvement,Sentence Improvement,Medium,MCQ,2,0.5,The criminal was hung to death this morning.,hanged,hang,hanging,No improvement,A,"""Hanged"" is used when referring to execution by hanging, whereas ""hung"" is used for suspending objects."
SSC CGL Tier 1,English Comprehension,Sentence improvement,Sentence improvement,Sentence Improvement,Medium,MCQ,2,0.5,She is having a luxurious car and a big house in Mumbai.,has,owns had,possesses having,No improvement,A,Stative verbs expressing possession are generally not used in continuous forms.
SSC CGL Tier 1,English Comprehension,Sentence improvement,Sentence improvement,Sentence Improvement,Medium,MCQ,2,0.5,My brother-in-laws who live in London have come to visit us.,brothers-in-law,brother-in-law's,brothers-in-laws,No improvement,A,"In compound nouns, the principal word takes the plural form."
SSC CGL Tier 1,English Comprehension,Sentence improvement,Sentence improvement,Sentence Improvement,Medium,MCQ,2,0.5,I am working on this research project since January.,have been working,was working,had worked,No improvement,A,"Since an action started in the past and continues to the present, the Present Perfect Continuous Tense is required."
SSC CGL Tier 1,English Comprehension,Sentence improvement,Sentence improvement,Sentence Improvement,Medium,MCQ,2,0.5,No sooner had he finished his speech when the audience started clapping.,than,then,before,No improvement,A,"""No sooner"" is always paired with ""than."""
SSC CGL Tier 1,English Comprehension,Sentence improvement,Sentence improvement,Sentence Improvement,Medium,MCQ,2,0.5,Many a students have failed the physical endurance test.,student has,students has,student have,No improvement,A,"""Many a"" is followed by a singular noun and a singular verb."
SSC CGL Tier 1,English Comprehension,Sentence improvement,Sentence improvement,Sentence Improvement,Medium,MCQ,2,0.5,He is too weak that he cannot walk without support.,to,so that he cannot,so weak to,No improvement,A,"The correct structure is ""too + adjective + to + verb."""
SSC CGL Tier 1,English Comprehension,Sentence improvement,Sentence improvement,Sentence Improvement,Medium,MCQ,2,0.5,She handles all tasks with carefully.,carefully,with care,with carefulness,No improvement,A,"The verb should be modified by an adverb. ""Carefully"" is the appropriate form."
SSC CGL Tier 1,English Comprehension,Sentence improvement,Sentence improvement,Sentence Improvement,Medium,MCQ,2,0.5,You must avail yourself of this golden opportunity.,avail of,avail yourself,avail to,No improvement,D,"The correct expression is ""avail oneself of,"" which requires a reflexive pronoun followed by ""of."""
SSC CGL Tier 1,English Comprehension,Sentence improvement,Sentence improvement,Sentence Improvement,Medium,MCQ,2,0.5,The weather of Mussoorie conduces for good health.,conduces to,conduces with,conduces at,No improvement,A,"The verb ""conduce"" is followed by the preposition ""to."""
SSC CGL Tier 1,English Comprehension,Sentence improvement,Sentence improvement,Sentence Improvement,Medium,MCQ,2,0.5,"Suppose if you are selected, which city would you prefer?",Suppose you are,If suppose you are,Supposing if you are,No improvement,A,"""Suppose"" and ""if"" convey the same meaning, so using both together is redundant."
SSC CGL Tier 1,English Comprehension,Sentence improvement,Sentence improvement,Sentence Improvement,Medium,MCQ,2,0.5,He is the most cleverest boy in our class.,cleverest,more cleverer,most clever,No improvement,A,"""Cleverest"" is already a superlative form. Using ""most"" creates an incorrect double superlative."
SSC CGL Tier 1,English Comprehension,Sentence improvement,Sentence improvement,Sentence Improvement,Medium,MCQ,2,0.5,The short-circuit caused a major damage to the server room.,major damage,major damages,a major damages,No improvement,A,"""Damage"" is an uncountable noun in this context and does not take the article ""a."""
SSC CGL Tier 1,English Comprehension,Sentence improvement,Sentence improvement,Sentence Improvement,Medium,MCQ,2,0.5,"Unless you do not apologize, you will be suspended.",apologize,will apologize,did not apologize,No improvement,A,"""Unless"" already implies negation, so an additional negative form is unnecessary."
SSC CGL Tier 1,English Comprehension,Sentence improvement,Sentence improvement,Sentence Improvement,Medium,MCQ,2,0.5,I bought two dozens bananas from the local vendor.,two dozen bananas,two dozen banana,two dozens banana,No improvement,A,"After definite numerals, words such as dozen, hundred, and thousand remain singular."
SSC CGL Tier 1,English Comprehension,Sentence improvement,Sentence improvement,Sentence Improvement,Medium,MCQ,2,0.5,The manager disposed off the old files within an hour.,disposed of,dispose away,disposed with,No improvement,A,"The correct phrasal verb is ""dispose of,"" meaning to get rid of something."
SSC CGL Tier 1,English Comprehension,Sentence improvement,Sentence improvement,Sentence Improvement,Medium,MCQ,2,0.5,Let you and I complete this assignment together.,me,myself,we,No improvement,A,"""Let"" is followed by objective pronouns such as me, him, her, and us."
SSC CGL Tier 1,English Comprehension,Sentence improvement,Sentence improvement,Sentence Improvement,Medium,MCQ,2,0.5,It is high time you take up a serious job.,took,taken,have taken,No improvement,A,"The expression ""It is high time"" is followed by a verb in the past subjunctive form (V2)."
SSC CGL Tier 1,English Comprehension,Sentence improvement,Sentence improvement,Sentence Improvement,Medium,MCQ,2,0.5,Bread and butter are a wholesome breakfast for athletes.,is,were,have been,No improvement,A,"When two nouns together express a single idea or one item, they take a singular verb."
SSC CGL Tier 1,English Comprehension,Sentence improvement,Sentence improvement,Sentence Improvement,Medium,MCQ,2,0.5,The custom officer scarcely entered the room than the lights went out.,had scarcely entered the room when,scarcely had entered the room than,scarcely entered the room then,No improvement,A,"""Scarcely"" is commonly used with the Past Perfect Tense and is followed by ""when."""
SSC CGL Tier 1,English Comprehension,Sentence improvement,Sentence improvement,Sentence Improvement,Medium,MCQ,2,0.5,This is the most unique piece of art I have ever seen.,a unique,unique,the unique,No improvement,B,"""Unique"" is an absolute adjective and does not normally take comparative or superlative forms."
SSC CGL Tier 1,English Comprehension,Sentence improvement,Sentence improvement,Sentence Improvement,Medium,MCQ,2,0.5,He is good in Mathematics but weak in English.,good at,good with,good into,No improvement,A,"The correct expression for being skilled in a subject or activity is ""good at."""
SSC CGL Tier 1,English Comprehension,Sentence improvement,Sentence improvement,Sentence Improvement,Medium,MCQ,2,0.5,The committee were unanimous in its decision.,was,have been,are,No improvement,A,A collective noun expressing a unified opinion takes a singular verb and singular pronoun.
SSC CGL Tier 1,English Comprehension,Sentence improvement,Sentence improvement,Sentence Improvement,Medium,MCQ,2,0.5,Each of the participants were given a certificate.,was,are,have been,No improvement,A,"Expressions such as ""each of"" take singular verbs because they refer to individuals separately."
SSC CGL Tier 1,English Comprehension,Sentence improvement,Sentence improvement,Sentence Improvement,Medium,MCQ,2,0.5,The news of the plane crash are shocking.,is,were,have been,No improvement,A,"""News"" is singular in form and meaning and therefore takes a singular verb."
SSC CGL Tier 1,English Comprehension,Sentence improvement,Sentence improvement,Sentence Improvement,Medium,MCQ,2,0.5,He walked fast lest he should not miss the train.,should,would not,might not,No improvement,A,"""Lest"" itself conveys a negative meaning and is followed by ""should"" without ""not."""
SSC CGL Tier 1,English Comprehension,Sentence improvement,Sentence improvement,Sentence Improvement,Medium,MCQ,2,0.5,One should perform his duty sincerely.,one's,their,her,No improvement,A,"When the subject is ""one,"" the corresponding possessive pronoun should be ""one's."""
SSC CGL Tier 1,English Comprehension,Sentence improvement,Sentence improvement,Sentence Improvement,Medium,MCQ,2,0.5,I look forward to receive your reply soon.,receiving,received,be receiving,No improvement,A,"The phrase ""look forward to"" is followed by a gerund because ""to"" functions as a preposition."
SSC CGL Tier 1,English Comprehension,Sentence improvement,Sentence improvement,Sentence Improvement,Medium,MCQ,2,0.5,The master severe punished the servant for breaking the vase.,severely punished,severe punish,punishing severely,No improvement,A,"The verb should be modified by an adverb. Therefore, ""severely"" is required instead of the adjective ""severe."""
SSC CGL Tier 1,English Comprehension,Sentence improvement,Sentence improvement,Sentence Improvement,Medium,MCQ,2,0.5,She prefers tea than coffee in the morning.,to,over,rather than,No improvement,A,"The verb ""prefer"" is followed by the preposition ""to."""
SSC CGL Tier 1,English Comprehension,Sentence improvement,Sentence improvement,Sentence Improvement,Medium,MCQ,2,0.5,The Scenery of Kashmir are very beautiful.,sceneries of Kashmir are,scenery of Kashmir is,scenery of Kashmir were,No improvement,B,"""Scenery"" is an uncountable noun and takes a singular verb."
SSC CGL Tier 1,English Comprehension,Sentence improvement,Sentence improvement,Sentence Improvement,Medium,MCQ,2,0.5,Hard work is the key for success.,key to,key of,key in,No improvement,A,"The fixed expression is ""the key to success."""
SSC CGL Tier 1,English Comprehension,Sentence improvement,Sentence improvement,Sentence Improvement,Medium,MCQ,2,0.5,He has completed his graduation in 2022.,completed his graduation,had completed his graduation,was completing graduation,No improvement,A,A definite past time expression requires the Simple Past Tense rather than the Present Perfect Tense.
SSC CGL Tier 1,English Comprehension,Sentence improvement,Sentence improvement,Sentence Improvement,Medium,MCQ,2,0.5,I cannot agree with your proposal.,to,on,at,No improvement,A,"We ""agree with"" a person but ""agree to"" a proposal, suggestion, or plan."
SSC CGL Tier 1,English Comprehension,Sentence improvement,Sentence improvement,Sentence Improvement,Medium,MCQ,2,0.5,"Being a rainy day, I decided to stay indoors.","It being a rainy day, I decided to stay","As it being a rainy day, I decided to stay","Since a rainy day, I decided to stay",No improvement,A,"The original sentence contains a dangling participle. The introductory phrase requires its own logical subject, ""It."""
SSC CGL Tier 1,English Comprehension,Sentence improvement,Sentence improvement,Sentence Improvement,Medium,MCQ,2,0.5,They left the hotel with bag and baggage.,bag and baggage,with bags and baggages,by bag and baggage,No improvement,A,"""Bag and baggage"" is a fixed idiomatic expression, and adding ""with"" before it is unnecessary."
SSC CGL Tier 1,English Comprehension,Sentence improvement,Sentence improvement,Sentence Improvement,Medium,MCQ,2,0.5,"If he had studied hard, he would pass the exam.",would have passed,will pass,passed,No improvement,A,"The Third Conditional follows the pattern: If + Past Perfect, would have + past participle."
SSC CGL Tier 1,English Comprehension,Sentence improvement,Sentence improvement,Sentence Improvement,Medium,MCQ,2,0.5,The click of the cameras distracted the batsman.,distracts,distract,was distracting,No improvement,D,"The singular subject ""click"" correctly takes the Simple Past verb ""distracted."""
SSC CGL Tier 1,English Comprehension,Sentence improvement,Sentence improvement,Sentence Improvement,Medium,MCQ,2,0.5,No sooner did I opened the door than the cat ran out.,open,opens,had opened,No improvement,A,"After auxiliary verbs such as ""did,"" the base form of the verb is used."
SSC CGL Tier 1,English Comprehension,Sentence improvement,Sentence improvement,Sentence Improvement,Medium,MCQ,2,0.5,The performance of our team was much better than expected.,more better,very better,the best,No improvement,D,"""Much better"" is a correct way to emphasize a comparative adjective. ""More better"" is incorrect."
SSC CGL Tier 1,English Comprehension,Sentence improvement,Sentence improvement,Sentence Improvement,Medium,MCQ,2,0.5,Both the sisters are not going to the party.,Neither of the sisters is,None of the sisters are,Both sisters are refusing,No improvement,A,"To express a negative idea involving two people, ""neither of"" with a singular verb is preferred."
SSC CGL Tier 1,English Comprehension,Sentence improvement,Sentence improvement,Sentence Improvement,Medium,MCQ,2,0.5,The fire spread across the building but fortunately everyone could escape.,was able to,might,can,No improvement,A,"""Was able to"" is often preferred for describing successful completion of a specific action in the past."
SSC CGL Tier 1,English Comprehension,Sentence improvement,Sentence improvement,Sentence Improvement,Medium,MCQ,2,0.5,Many a man have lost everything in gambling.,has lost everything,have lose everything,has lose everything,No improvement,A,"""Many a"" is followed by a singular noun and a singular verb."
SSC CGL Tier 1,English Comprehension,Sentence improvement,Sentence improvement,Sentence Improvement,Medium,MCQ,2,0.5,He behaves as if he is the owner of the company.,were,was,has been,No improvement,A,"Unreal or hypothetical situations introduced by ""as if"" take the past subjunctive form ""were."""
SSC CGL Tier 1,English Comprehension,Sentence improvement,Sentence improvement,Sentence Improvement,Medium,MCQ,2,0.5,"Beside his parents, his uncle was also present at the function.",Besides his parents,Beside of his parents,By beside his parents,No improvement,A,"""Besides"" means ""in addition to,"" whereas ""beside"" means ""next to."""
SSC CGL Tier 1,English Comprehension,Sentence improvement,Sentence improvement,Sentence Improvement,Medium,MCQ,2,0.5,The climate of Chennai is hotter than Bangalore.,than that of Bangalore,than those of Bangalore,to Bangalore,No improvement,A,"The comparison should be between the climates of the two cities, not between a climate and a city."
SSC CGL Tier 1,English Comprehension,Sentence improvement,Sentence improvement,Sentence Improvement,Medium,MCQ,2,0.5,He is senior and older than all other employees in this office.,senior to and older than,senior than and older than,senior to and old than,No improvement,A,"""Senior"" is followed by ""to,"" while ""older"" is followed by ""than."" Each adjective must take its correct preposition."
SSC CGL Tier 1,English Comprehension,Sentence improvement,Sentence improvement,Sentence Improvement,Medium,MCQ,2,0.5,My friend is habituated to smoke after dinner.,to smoking,with smoking,for smoking,No improvement,A,"Expressions such as ""habituated to,"" ""accustomed to,"" and ""used to"" are followed by a gerund (verb + ing form)."
SSC CGL Tier 1,English Comprehension,Sentence improvement,Sentence improvement,Sentence Improvement,Medium,MCQ,2,0.5,No sooner the thief saw the police than he took to his heels.,No sooner did the thief see,No sooner had the thief saw,No sooner the thief had seen,No improvement,A,"Sentences beginning with ""No sooner"" require inversion. The auxiliary verb comes before the subject, and ""did"" is followed by the base form of the verb."
SSC CGL Tier 1,English Comprehension,Sentence improvement,Sentence improvement,Sentence Improvement,Medium,MCQ,2,0.5,She is the prettiest of the two sisters.,prettier of the two sisters,prettiest between the two sisters,more pretty of the two sisters,No improvement,A,"When comparing only two persons or things, the comparative degree should be used instead of the superlative degree."
SSC CGL Tier 1,English Comprehension,Sentence improvement,Sentence improvement,Sentence Improvement,Medium,MCQ,2,0.5,I would rather die to beg.,than beg,than begging,to begging,No improvement,A,"The correct structure is ""would rather + base verb + than + base verb."""
SSC CGL Tier 1,English Comprehension,Sentence improvement,Sentence improvement,Sentence Improvement,Medium,MCQ,2,0.5,The teacher asked the student why was he late.,why he was late,why he is late,that why he was late,No improvement,A,"In indirect speech, interrogative sentences change into assertive word order, placing the subject before the verb."
SSC CGL Tier 1,English Comprehension,Sentence improvement,Sentence improvement,Sentence Improvement,Medium,MCQ,2,0.5,He has not seen his parents since two years.,for two years,from two years,before two years,No improvement,A,"""For"" is used to indicate a duration of time, whereas ""since"" refers to a specific point in time."
SSC CGL Tier 1,English Comprehension,Sentence improvement,Sentence improvement,Sentence Improvement,Medium,MCQ,2,0.5,The match had started before we reached the stadium.,reach,had reached,have reached,No improvement,D,"The earlier past action takes the Past Perfect Tense, while the later action takes the Simple Past Tense."
SSC CGL Tier 1,English Comprehension,Sentence improvement,Sentence improvement,Sentence Improvement,Medium,MCQ,2,0.5,The news are true; I heard it on the radio.,is true,were true,have been true,No improvement,A,"""News"" is an uncountable noun and always takes a singular verb."
SSC CGL Tier 1,English Comprehension,Sentence improvement,Sentence improvement,Sentence Improvement,Medium,MCQ,2,0.5,"You cannot bypass the rules, can you?",can't you?,do you?,will you?,No improvement,D,A negative statement requires a positive question tag. The given tag is correct.
SSC CGL Tier 1,English Comprehension,Sentence improvement,Sentence improvement,Sentence Improvement,Medium,MCQ,2,0.5,He is enough wise to understand your tricks.,wise enough,too wise enough,wisely enough,No improvement,A,"The word ""enough"" follows the adjective it modifies."
SSC CGL Tier 1,English Comprehension,Sentence improvement,Sentence improvement,Sentence Improvement,Medium,MCQ,2,0.5,The Cattle is grazing in the nearby meadows.,are grazing,was grazing,has been grazing,No improvement,A,"""Cattle"" is treated as a plural noun and therefore takes a plural verb."
SSC CGL Tier 1,English Comprehension,Sentence improvement,Sentence improvement,Sentence Improvement,Medium,MCQ,2,0.5,They are discussing about the new economic policy.,are discussing,are discussing on,are discussing of,No improvement,A,"""Discuss"" is a transitive verb and does not require the preposition ""about."""
SSC CGL Tier 1,English Comprehension,Sentence improvement,Sentence improvement,Sentence Improvement,Medium,MCQ,2,0.5,"If I was you, I would accept the job offer immediately.",were,am,had been,No improvement,A,"Hypothetical or unreal conditions require the subjunctive form ""were."""
SSC CGL Tier 1,English Comprehension,Sentence improvement,Sentence improvement,Sentence Improvement,Medium,MCQ,2,0.5,None of the two candidates is eligible for the post.,Neither of the two candidates,Either of the two candidates,No one of the two candidates,No improvement,A,"""Neither"" is used for two persons or things, whereas ""none"" is generally used for more than two."
SSC CGL Tier 1,English Comprehension,Sentence improvement,Sentence improvement,Sentence Improvement,Medium,MCQ,2,0.5,He ordered for a cup of strong filter coffee.,ordered,ordered to,ordered with,No improvement,A,"""Order"" is a transitive verb and does not require the preposition ""for."""
SSC CGL Tier 1,English Comprehension,Sentence improvement,Sentence improvement,Sentence Improvement,Medium,MCQ,2,0.5,"Unless you do not study hard, you will fail.",study hard,will study hard,not study hard,No improvement,A,"Since ""unless"" already expresses a negative meaning, an additional negative form is incorrect."
SSC CGL Tier 1,English Comprehension,Sentence improvement,Sentence improvement,Sentence Improvement,Medium,MCQ,2,0.5,Each of the employees have received the bonus.,has,are having,were,No improvement,A,"Expressions such as ""each of"" take singular verbs."
SSC CGL Tier 1,English Comprehension,Sentence improvement,Sentence improvement,Sentence Improvement,Medium,MCQ,2,0.5,She behaves as if she knows everything.,knew,had known,was knowing,No improvement,A,"Unreal present situations after ""as if"" often take the past subjunctive form."
SSC CGL Tier 1,English Comprehension,Sentence improvement,Sentence improvement,Sentence Improvement,Medium,MCQ,2,0.5,It is high time you return home.,returned,will return,have returned,No improvement,A,"The expression ""It is high time"" is followed by a past tense verb."
SSC CGL Tier 1,English Comprehension,Sentence improvement,Sentence improvement,Sentence Improvement,Medium,MCQ,2,0.5,He is addicted to gamble.,to gambling,with gambling,at gambling,No improvement,A,"""Addicted to"" is followed by a gerund."
SSC CGL Tier 1,English Comprehension,Sentence improvement,Sentence improvement,Sentence Improvement,Medium,MCQ,2,0.5,She is more cleverer than her brother.,cleverer,most clever,more clever,No improvement,A,"Using both ""more"" and a comparative form creates an incorrect double comparative."
SSC CGL Tier 1,English Comprehension,Sentence improvement,Sentence improvement,Sentence Improvement,Medium,MCQ,2,0.5,I am tired with doing the same repetitive task everyday.,of,from,by,No improvement,A,"The correct expression is ""tired of."""
SSC CGL Tier 1,English Comprehension,Sentence improvement,Sentence improvement,Sentence Improvement,Medium,MCQ,2,0.5,The population of Tokyo is greater than any city in the world.,than that of any other city,than any other city,than those of any city,No improvement,A,"The comparison should be between populations, not between a population and a city."
SSC CGL Tier 1,English Comprehension,Sentence improvement,Sentence improvement,Sentence Improvement,Medium,MCQ,2,0.5,Many a soldier have lost their lives in the war.,has lost his life,have lost his life,has lost their life,No improvement,A,"""Many a"" takes a singular noun, singular verb, and singular pronoun."
SSC CGL Tier 1,English Comprehension,Sentence improvement,Sentence improvement,Sentence Improvement,Medium,MCQ,2,0.5,Scarcely had I opened the umbrella than it started raining heavily.,when,then,before,No improvement,A,"""Scarcely"" is correctly paired with ""when."""
SSC CGL Tier 1,English Comprehension,Sentence improvement,Sentence improvement,Sentence Improvement,Medium,MCQ,2,0.5,The furniture in this showroom are made of high-quality teak wood.,is,were,have been,No improvement,A,"""Furniture"" is an uncountable noun and takes a singular verb."
SSC CGL Tier 1,English Comprehension,Sentence improvement,Sentence improvement,Sentence Improvement,Medium,MCQ,2,0.5,Both of them did not go to the exhibition.,Neither of them went,None of them went,Both of them went not,No improvement,A,"For two people in a negative context, ""neither of"" is preferred."
SSC CGL Tier 1,English Comprehension,Sentence improvement,Sentence improvement,Sentence Improvement,Medium,MCQ,2,0.5,Hard work is the key for success.,key to,key of,key in,No improvement,A,"The correct expression is ""the key to success."""
SSC CGL Tier 1,English Comprehension,Sentence improvement,Sentence improvement,Sentence Improvement,Medium,MCQ,2,0.5,He walked fast lest he should miss the bus.,should miss,should not miss,would miss,No improvement,D,"""Lest"" is correctly followed by ""should"" without an additional negative."
SSC CGL Tier 1,English Comprehension,Sentence improvement,Sentence improvement,Sentence Improvement,Medium,MCQ,2,0.5,One must respect his elders.,one's,their,individual,No improvement,A,"The possessive form corresponding to ""one"" is ""one's."""
SSC CGL Tier 1,English Comprehension,Sentence improvement,Sentence improvement,Sentence Improvement,Medium,MCQ,2,0.5,The standard of education in private schools is better than government schools.,than that in government schools,than those in government schools,than government schools,No improvement,A,"The comparison is between standards of education, not the schools themselves."
SSC CGL Tier 1,English Comprehension,Sentence improvement,Sentence improvement,Sentence Improvement,Medium,MCQ,2,0.5,He entered into the room without any permission.,entered the room,entered inside the room,entered in the room,No improvement,A,"The verb ""enter"" does not require the preposition ""into."""
SSC CGL Tier 1,English Comprehension,Sentence improvement,Sentence improvement,Sentence Improvement,Medium,MCQ,2,0.5,The performance of the actors was majorly superior than yesterday.,was superior to,was superior than,was more superior to,No improvement,A,"Adjectives such as superior, inferior, senior, and junior are followed by ""to."""
SSC CGL Tier 1,English Comprehension,Sentence improvement,Sentence improvement,Sentence Improvement,Medium,MCQ,2,0.5,I prefer swimming than running.,to,over,instead of,No improvement,A,"The verb ""prefer"" takes the preposition ""to."""
SSC CGL Tier 1,English Comprehension,Sentence improvement,Sentence improvement,Sentence Improvement,Medium,MCQ,2,0.5,"Being a fine day, we went out for a long drive.","It being a fine day, we went out","As being a fine day, we went out","Since fine day, we went out",No improvement,A,The introductory phrase requires its own logical subject to avoid a dangling participle.
SSC CGL Tier 1,English Comprehension,Sentence improvement,Sentence improvement,Sentence Improvement,Medium,MCQ,2,0.5,They left the town with bag and baggage.,bag and baggage,with bags and baggages,by bag and baggage,No improvement,A,"""Bag and baggage"" is a fixed idiomatic expression."
SSC CGL Tier 1,English Comprehension,Sentence improvement,Sentence improvement,Sentence Improvement,Medium,MCQ,2,0.5,"If I had known you were in town, I would have met you.",had known,knew,would know,No improvement,D,The sentence correctly follows the Third Conditional pattern.
SSC CGL Tier 1,English Comprehension,Sentence improvement,Sentence improvement,Sentence Improvement,Medium,MCQ,2,0.5,He was hung for the murder of his business partner.,hanged,hang,hunged,No improvement,A,"""Hanged"" is used in the context of execution by hanging."
SSC CGL Tier 1,English Comprehension,Sentence improvement,Sentence improvement,Sentence Improvement,Medium,MCQ,2,0.5,Neither the teacher nor the students was happy with the new timetable.,were,is,are being,No improvement,A,"The verb agrees with the subject nearest to it, which is plural."
SSC CGL Tier 1,English Comprehension,Sentence improvement,Sentence improvement,Sentence Improvement,Medium,MCQ,2,0.5,"He did not pass the exam, and neither did his sister.",neither did his sister,neither his sister did,either did his sister,No improvement,D,"The sentence correctly follows the inversion pattern used after ""neither."""
SSC CGL Tier 1,English Comprehension,Sentence improvement,Sentence improvement,Sentence Improvement,Medium,MCQ,2,0.5,She is owning three prime properties in Delhi NCR.,owns,has owned,is possessor of,No improvement,A,"""Own"" is a stative verb and is generally not used in continuous forms to indicate possession."
SSC CGL Tier 1,English Comprehension,Sentence improvement,Sentence improvement,Sentence Improvement,Medium,MCQ,2,0.5,My sister-in-las have come to stay with us.,sisters-in-law,sister-in-law's,sisters-in-laws,No improvement,A,The plural form of this compound noun is created by pluralizing the principal noun.
SSC CGL Tier 1,English Comprehension,Sentence improvement,Sentence improvement,Sentence Improvement,Medium,MCQ,2,0.5,I am preparing for SSC CGL since five months.,have been preparing,was preparing,am being preparing,No improvement,A,An action continuing over a period of time requires the Present Perfect Continuous Tense.
SSC CGL Tier 1,English Comprehension,Sentence improvement,Sentence improvement,Sentence Improvement,Medium,MCQ,2,0.5,He is too weak that he cannot lift this heavy box.,so weak that he cannot,too weak to cannot,weak enough to,No improvement,A,"The structure ""so + adjective + that + clause"" is appropriate here."
SSC CGL Tier 1,English Comprehension,Sentence improvement,Sentence improvement,Sentence Improvement,Medium,MCQ,2,0.5,She manages the financial accounts with carefully.,carefully,with care,with carefulness,No improvement,A,The verb should be modified by an adverb.
SSC CGL Tier 1,English Comprehension,Sentence improvement,Sentence improvement,Sentence Improvement,Medium,MCQ,2,0.5,You must avail of this opportunity to excel.,avail yourself of,avail yourself to,avail of yourself,No improvement,A,"The correct expression is ""avail yourself of."""
SSC CGL Tier 1,English Comprehension,Sentence improvement,Sentence improvement,Sentence Improvement,Medium,MCQ,2,0.5,The pleasant climate of Bengaluru conduces for good health.,conduces to,conduces with,conduces at,No improvement,A,"The verb ""conduce"" is followed by the preposition ""to."""
SSC CGL Tier 1,English Comprehension,Sentence improvement,Sentence improvement,Sentence Improvement,Medium,MCQ,2,0.5,"Suppose if you lose the match, what will you do?",Suppose you lose,If suppose you lose,Supposing if you lose,No improvement,A,"Using both ""suppose"" and ""if"" together is redundant."
SSC CGL Tier 1,English Comprehension,Sentence improvement,Sentence improvement,Sentence Improvement,Medium,MCQ,2,0.5,Bread and butter are my favorite breakfast item.,is,were,have been,No improvement,A,"When two nouns refer to a single item or idea, a singular verb is used."
SSC CGL Tier 1,English Comprehension,Sentence improvement,Sentence improvement,Sentence Improvement,Medium,MCQ,2,0.5,He is the most unique designer in the fashion industry.,a unique,unique,the unique,No improvement,B,"""Unique"" is an absolute adjective and should not be used with superlative forms."
SSC CGL Tier 1,English Comprehension,Sentence improvement,Sentence improvement,Sentence Improvement,Medium,MCQ,2,0.5,He is good in making intricate sketches.,good at,good with,good into,No improvement,A,"The fixed expression ""good at"" is used to indicate skill or proficiency in an activity or subject. Therefore, ""good at making intricate sketches"" is the correct usage."
SSC CGL Tier 1,English Comprehension,Sentence improvement,Sentence improvement,Sentence Improvement,Medium,MCQ,2,0.5,The panel were unanimous in its final verdict.,was,are,have been,No improvement,A,"A collective noun such as ""panel"" takes a singular verb when the members act as a single unit. Since the panel was unanimous, the singular verb ""was"" is correct."
SSC CGL Tier 1,English Comprehension,Sentence improvement,Sentence improvement,Sentence Improvement,Medium,MCQ,2,0.5,Each of the participants were rewarded with a memento.,was,are,have been,No improvement,A,"""Each of"" is treated as singular and therefore requires a singular verb. Hence, ""was rewarded"" is correct."
SSC CGL Tier 1,English Comprehension,Sentence improvement,Sentence improvement,Sentence Improvement,Medium,MCQ,2,0.5,The news of his sudden demise are not yet confirmed.,is,were,have been,No improvement,A,"""News"" is an uncountable noun that always takes a singular verb. Therefore, ""is not yet confirmed"" is correct."
SSC CGL Tier 1,English Comprehension,Sentence improvement,Sentence improvement,Sentence Improvement,Medium,MCQ,2,0.5,Run fast lest you should not miss the train.,should miss,would miss,might miss,No improvement,A,"The conjunction ""lest"" already carries a negative meaning. Therefore, ""not"" should not be used after it. The correct structure is ""lest + subject + should + base verb."""
SSC CGL Tier 1,English Comprehension,Sentence improvement,Sentence improvement,Sentence Improvement,Medium,MCQ,2,0.5,Every citizen must perform his duty towards the nation.,one's,their,individual,No improvement,D,"In traditional grammar, ""his"" is acceptable as a singular possessive pronoun referring to ""every citizen."" Therefore, the sentence is considered correct."
SSC CGL Tier 1,English Comprehension,Sentence improvement,Sentence improvement,Sentence Improvement,Medium,MCQ,2,0.5,I am looking forward to meet the delegates tomorrow.,to meeting,for meeting,to be meeting,No improvement,A,"The phrase ""look forward to"" is followed by a gerund (verb + ing), not an infinitive. Hence, ""to meeting"" is correct."
SSC CGL Tier 1,English Comprehension,Sentence improvement,Sentence improvement,Sentence Improvement,Medium,MCQ,2,0.5,The manager severely punished the clerk for breaking the rules.,severe punished,severe punish,punishing severely,No improvement,D,"The adverb ""severely"" correctly modifies the verb ""punished."" Therefore, the sentence is grammatically correct."
SSC CGL Tier 1,English Comprehension,Sentence improvement,Sentence improvement,Sentence Improvement,Medium,MCQ,2,0.5,I prefer corporate life than a government job.,to,over,rather than,No improvement,A,"The verb ""prefer"" is followed by the preposition ""to"" when comparing two alternatives."
SSC CGL Tier 1,English Comprehension,Sentence improvement,Sentence improvement,Sentence Improvement,Medium,MCQ,2,0.5,The sceneries of Switzerland are mesmerizing.,scenery of Switzerland is,scenery of Switzerland are,sceneries of Switzerland is,No improvement,A,"""Scenery"" is an uncountable noun and does not have a plural form. It also takes a singular verb."
SSC CGL Tier 1,English Comprehension,Sentence improvement,Sentence improvement,Sentence Improvement,Medium,MCQ,2,0.5,Hard work is the key for cracking competitive exams.,key to,key of,key in,No improvement,A,"The correct expression is ""the key to"" followed by a noun or gerund."
SSC CGL Tier 1,English Comprehension,Sentence improvement,Sentence improvement,Sentence Improvement,Medium,MCQ,2,0.5,He has passed his examination three years ago.,passed his examination,had passed his examination,was passing his examination,No improvement,A,"When a definite past time expression such as ""three years ago"" is used, the Simple Past Tense is required instead of the Present Perfect Tense."
SSC CGL Tier 1,English Comprehension,Sentence improvement,Sentence improvement,Sentence Improvement,Medium,MCQ,2,0.5,The committee cannot agree with this controversial proposal.,to,on,at,No improvement,A,"We ""agree with"" a person but ""agree to"" a proposal, plan, or suggestion."
SSC CGL Tier 1,English Comprehension,Sentence improvement,Sentence improvement,Sentence Improvement,Medium,MCQ,2,0.5,"Being a stormy night, the sailor anchored the ship.","It being a stormy night, the sailor anchored","As being a stormy night, the sailor anchored","Since a stormy night, the sailor anchored",No improvement,A,"The introductory phrase lacks a proper subject. ""It"" should be used to refer to the weather condition."
SSC CGL Tier 1,English Comprehension,Sentence improvement,Sentence improvement,Sentence Improvement,Medium,MCQ,2,0.5,The refugees escaped with bag and baggage.,bag and baggage,with bags and baggages,by bag and baggage,No improvement,A,"The idiom is ""bag and baggage."" Since the meaning of ""with"" is already implied, the extra ""with"" should be removed."
SSC CGL Tier 1,English Comprehension,Sentence improvement,Sentence improvement,Sentence Improvement,Medium,MCQ,2,0.5,"If they had played well, they would win the match.",would have won,will win,won,No improvement,A,"This is a Third Conditional sentence. The structure is: If + had + V3, subject + would have + V3."
SSC CGL Tier 1,English Comprehension,Sentence improvement,Sentence improvement,Sentence Improvement,Medium,MCQ,2,0.5,The continuous ticking of the clocks distracted the students.,distracts,distract,was distracting,No improvement,D,"The subject ""The continuous ticking"" is singular, and the sentence correctly uses the Simple Past Tense."
SSC CGL Tier 1,English Comprehension,Sentence improvement,Sentence improvement,Sentence Improvement,Medium,MCQ,2,0.5,No sooner did the teacher entered the room than the students stood up.,enter,enters,had entered,No improvement,A,"After ""did,"" the base form of the verb must be used. Therefore, ""enter"" is correct."
SSC CGL Tier 1,English Comprehension,Sentence improvement,Sentence improvement,Sentence Improvement,Medium,MCQ,2,0.5,Her performance was much better than mine.,more better,very better,the best,No improvement,D,"""Much better"" is a correct comparative structure used for emphasis. ""More better"" would be an incorrect double comparative."
SSC CGL Tier 1,English Comprehension,Sentence improvement,Sentence improvement,Sentence Improvement,Medium,MCQ,2,0.5,Both the layout designs are not suitable for the magazine cover.,Neither of the layout designs is,None of the layout designs are,Both layouts are refusing,No improvement,A,"For two items in a negative sense, ""Neither of"" followed by a singular verb is the correct structure."
SSC CGL Tier 1,English Comprehension,Sentence improvement,Sentence improvement,Sentence Improvement,Medium,MCQ,2,0.5,The fire spread rapidly but everyone could evacuate safely.,was able to,might,can,No improvement,A,"""Was able to"" is preferred when referring to successful completion of a specific action in the past."
SSC CGL Tier 1,English Comprehension,Sentence improvement,Sentence improvement,Sentence Improvement,Medium,MCQ,2,0.5,Many a man have lost fortunes in stock market speculation.,has lost,have lose,has lose,No improvement,A,"""Many a"" is followed by a singular noun and a singular verb. Therefore, ""has lost"" is correct."
SSC CGL Tier 1,English Comprehension,Sentence improvement,Sentence improvement,Sentence Improvement,Medium,MCQ,2,0.5,She talks as if she is the prime minister.,were,was,has been,No improvement,A,"""As if"" introducing an unreal situation generally requires the subjunctive form ""were."""
SSC CGL Tier 1,English Comprehension,Sentence improvement,Sentence improvement,Sentence Improvement,Medium,MCQ,2,0.5,"Beside his business, he manages an NGO as well.",Besides his business,Beside of his business,By beside his business,No improvement,A,"""Besides"" means ""in addition to,"" whereas ""beside"" means ""next to."""
SSC CGL Tier 1,English Comprehension,Sentence improvement,Sentence improvement,Sentence Improvement,Medium,MCQ,2,0.5,The climate of Shimla is cooler than Delhi.,than that of Delhi,than those of Delhi,to Delhi,No improvement,A,"The comparison is between the climates of two places. ""That of"" avoids repetition of the noun ""climate."""
SSC CGL Tier 1,English Comprehension,Sentence improvement,Sentence improvement,Sentence Improvement,Medium,MCQ,2,0.5,He is senior and older than me.,senior to and older than,senior than and older than,senior to and old than,No improvement,A,"""Senior"" takes the preposition ""to,"" whereas ""older"" takes ""than."""
SSC CGL Tier 1,English Comprehension,Sentence improvement,Sentence improvement,Sentence Improvement,Medium,MCQ,2,0.5,My friend is habituated to drive fast on highways.,to driving,with driving,for driving,No improvement,A,"Expressions such as ""habituated to"" are followed by a gerund."
SSC CGL Tier 1,English Comprehension,Sentence improvement,Sentence improvement,Sentence Improvement,Medium,MCQ,2,0.5,No sooner the alarm rang than he jumped out of bed.,No sooner did the alarm ring,No sooner had the alarm rang,No sooner the alarm had rung,No improvement,A,"Sentences beginning with ""No sooner"" require inversion. ""Did"" is followed by the base form of the verb."
SSC CGL Tier 1,English Comprehension,Sentence improvement,Sentence improvement,Sentence Improvement,Medium,MCQ,2,0.5,She is the most intelligent of the two brothers.,more intelligent of the two brothers,most intelligent between the two brothers,cleverest of the two brothers,No improvement,A,"When comparing only two people or things, the comparative degree should be used instead of the superlative."
SSC CGL Tier 1,English Comprehension,Sentence improvement,Sentence improvement,Sentence Improvement,Medium,MCQ,2,0.5,I would rather fail to copy in exams.,than copy,than copying,to copying,No improvement,A,"The structure is ""would rather + V1 + than + V1."""
SSC CGL Tier 1,English Comprehension,Sentence improvement,Sentence improvement,Sentence Improvement,Medium,MCQ,2,0.5,The officer asked the clerk why was he editing the logs.,why he was editing,why he is editing,that why he was editing,No improvement,A,"In indirect speech, the interrogative structure changes to the statement order: Wh-word + subject + verb."
SSC CGL Tier 1,English Comprehension,Sentence improvement,Sentence improvement,Sentence Improvement,Medium,MCQ,2,0.5,They have been planning this venture since six months.,for six months,from six months,before six months,No improvement,A,"""For"" is used with a period of time, whereas ""since"" is used with a specific point of time."
SSC CGL Tier 1,English Comprehension,Sentence improvement,Sentence improvement,Sentence Improvement,Medium,MCQ,2,0.5,The concert had ended before we had entered the auditorium.,entered,reach,have entered,No improvement,A,"Of two past actions, the earlier action takes the Past Perfect, while the later action takes the Simple Past."
SSC CGL Tier 1,English Comprehension,Sentence improvement,Sentence improvement,Sentence Improvement,Medium,MCQ,2,0.5,The information provided by the agent were completely false.,was,are,have been,No improvement,A,"""Information"" is an uncountable noun and therefore takes a singular verb."
SSC CGL Tier 1,English Comprehension,Sentence improvement,Sentence improvement,Sentence Improvement,Medium,MCQ,2,0.5,"You will not attend the function, will you?",won't you?,do you?,shall you?,No improvement,D,A negative statement requires a positive question tag. The sentence already follows the correct rule.
SSC CGL Tier 1,English Comprehension,Sentence improvement,Sentence improvement,Sentence Improvement,Medium,MCQ,2,0.5,He is enough tall to reach the upper shelf.,tall enough,too tall enough,taller enough,No improvement,A,"""Enough"" follows the adjective it modifies. Therefore, ""tall enough"" is correct."
SSC CGL Tier 1,English Comprehension,Sentence improvement,Sentence improvement,Sentence Improvement,Medium,MCQ,2,0.5,The Gentry of this locality is highly educated.,are,was,has been,No improvement,A,"""Gentry"" is treated as a plural collective noun and takes a plural verb."
SSC CGL Tier 1,English Comprehension,Sentence improvement,Sentence improvement,Sentence Improvement,Medium,MCQ,2,0.5,The researchers are investigating about the viral outbreak.,are investigating,are investigating into,are investigating on,No improvement,A,"""Investigate"" is a transitive verb and does not require the preposition ""about."""
SSC CGL Tier 1,English Comprehension,Sentence improvement,Sentence improvement,Sentence Improvement,Medium,MCQ,2,0.5,"If I was a millionaire, I would fund this research.",were,am,had been,No improvement,A,"Hypothetical or unreal conditions require the subjunctive form ""were."""
SSC CGL Tier 1,English Comprehension,Sentence improvement,Sentence improvement,Sentence Improvement,Medium,MCQ,2,0.5,None of the two choices is correct.,Neither of the two choices,Either of the two choices,No one of the two choices,No improvement,A,"When referring to only two items in a negative sense, ""Neither"" is preferred over ""None."""
SSC CGL Tier 1,English Comprehension,Sentence improvement,Sentence improvement,Sentence Improvement,Medium,MCQ,2,0.5,She ordered for a new smartphone online.,ordered,ordered to,ordered with,No improvement,A,"""Order"" is a transitive verb and takes its object directly without the preposition ""for."""
SSC CGL Tier 1,English Comprehension,Sentence improvement,Sentence improvement,Sentence Improvement,Medium,MCQ,2,0.5,"Unless you do not pay the fine, you won't get your documents.",pay the fine,will pay the fine,not pay the fine,No improvement,A,"""Unless"" already expresses a negative meaning. Therefore, an additional ""not"" is incorrect."
SSC CGL Tier 1,English Comprehension,Sentence improvement,Sentence improvement,Sentence Improvement,Medium,MCQ,2,0.5,Each of the projects have unique challenges.,has,are having,were,No improvement,A,"""Each of"" requires a singular verb because the focus is on each individual item."
SSC CGL Tier 1,English Comprehension,Sentence improvement,Sentence improvement,Sentence Improvement,Medium,MCQ,2,0.5,He behaves as if he rules the entire country.,ruled,had ruled,was ruling,No improvement,A,"Unreal present situations introduced by ""as if"" generally take the past subjunctive form."
SSC CGL Tier 1,English Comprehension,Sentence improvement,Sentence improvement,Sentence Improvement,Medium,MCQ,2,0.5,It is high time you confess the truth.,confessed,will confess,have confessed,No improvement,A,"The expression ""It is high time"" is followed by the past subjunctive, using the second form of the verb."
SSC CGL Tier 1,English Comprehension,Sentence improvement,Sentence improvement,Sentence Improvement,Medium,MCQ,2,0.5,He is addicted to alcohol.,to drinking alcohol,with alcohol,at alcohol,No improvement,D,"""Addicted to"" may be followed by either a noun or a gerund. The sentence is already correct."
SSC CGL Tier 1,English Comprehension,Sentence improvement,Sentence improvement,Sentence Improvement,Medium,MCQ,2,0.5,She is more smarter than her classmates.,smarter,most smart,more smart,No improvement,A,"""Smarter"" is already a comparative form. Using ""more"" with it creates an incorrect double comparative."
SSC CGL Tier 1,English Comprehension,Sentence improvement,Sentence improvement,Sentence Improvement,Medium,MCQ,2,0.5,The traveler was tired with the hectic journey.,of,from,by,No improvement,A,"The fixed expression is ""tired of"" when referring to weariness caused by a thing or situation."
SSC CGL Tier 1,English Comprehension,Sentence improvement,Sentence improvement,Sentence Improvement,Medium,MCQ,2,0.5,The population of India is greater than any country in Asia.,than that of any other country,than any other country,than those of any country,No improvement,A,"The comparison is between populations, not countries. ""That of"" avoids repetition, and ""other"" excludes India from the comparison group."
SSC CGL Tier 1,English Comprehension,Sentence improvement,Sentence improvement,Sentence Improvement,Medium,MCQ,2,0.5,Many a student have registered for the online mock test.,has registered,have register,has register,No improvement,A,"""Many a"" is followed by a singular noun and a singular verb. Therefore, ""has registered"" is correct."
SSC CGL Tier 1,English Comprehension,Sentence improvement,Sentence improvement,Sentence Improvement,Medium,MCQ,2,0.5,Scarcely had the match started than it began to rain cats and dogs.,when,then,before,No improvement,A,"The correlative conjunction used with ""Scarcely"" and ""Hardly"" is ""when"" (or sometimes ""before""), not ""than"". Therefore, ""than"" should be replaced with ""when""."
SSC CGL Tier 1,English Comprehension,Sentence improvement,Sentence improvement,Sentence Improvement,Medium,MCQ,2,0.5,The logistics manager disposed off the damaged goods.,disposed of,dispose away,disposed with,No improvement,A,"The correct phrasal verb is ""dispose of"", which means to get rid of or discard something. ""Dispose off"" is incorrect."
SSC CGL Tier 1,English Comprehension,Sentence improvement,Sentence improvement,Sentence Improvement,Medium,MCQ,2,0.5,Let you and I investigate the matter thoroughly.,me,myself,we,No improvement,A,"After ""let"", objective case pronouns are used. Therefore, ""I"" should be replaced with ""me""."
SSC CGL Tier 1,English Comprehension,Sentence improvement,Sentence improvement,Sentence Improvement,Medium,MCQ,2,0.5,Either the operator or the engineers has made a critical error.,have,is,was,No improvement,A,"In ""Either...or"" constructions, the verb agrees with the subject nearest to it. Since ""engineers"" is plural, the correct verb is ""have""."
SSC CGL Tier 1,English Comprehension,Sentence improvement,Sentence improvement,Sentence Improvement,Medium,MCQ,2,0.5,He is too lazy that he cannot complete the project on time.,so lazy that he cannot,too lazy to cannot,lazy enough to,No improvement,A,"The structure ""so + adjective + that + clause"" is correct. ""Too...to"" cannot be followed by a clause containing ""cannot""."
SSC CGL Tier 1,English Comprehension,Sentence improvement,Sentence improvement,Sentence Improvement,Medium,MCQ,2,0.5,The equipment in the chemistry lab are outdated.,is,were,have been,No improvement,A,"""Equipment"" is an uncountable noun and always takes a singular verb."
SSC CGL Tier 1,English Comprehension,Sentence improvement,Sentence improvement,Sentence Improvement,Medium,MCQ,2,0.5,I am more superior than him in technical skills.,superior to,superior than,more superior to,No improvement,A,"""Superior"" is followed by the preposition ""to"" and does not take ""more"" because it already expresses comparison."
SSC CGL Tier 1,English Comprehension,Sentence improvement,Sentence improvement,Sentence Improvement,Medium,MCQ,2,0.5,I have been preparing this financial sheet since three hours.,for three hours,from three hours,before three hours,No improvement,A,"""For"" is used to indicate a duration of time, whereas ""since"" refers to a specific point in time."
SSC CGL Tier 1,English Comprehension,Sentence improvement,Sentence improvement,Sentence Improvement,Medium,MCQ,2,0.5,The pricing of this product is cheaper than that brand.,than that of that brand,than those of that brand,than that brand's,No improvement,A,"The comparison is between the pricing of two brands, not between a price and a brand itself. Therefore, ""that of"" is required."
SSC CGL Tier 1,English Comprehension,Sentence improvement,Sentence improvement,Sentence Improvement,Medium,MCQ,2,0.5,He entered into the laboratory without wearing a safety mask.,entered the laboratory,entered inside the laboratory,entered in the laboratory,No improvement,A,"The verb ""enter"" itself means ""go into"", so using ""into"" after it is redundant."
SSC CGL Tier 1,English Comprehension,Sentence improvement,Sentence improvement,Sentence Improvement,Medium,MCQ,2,0.5,Both the management and the staff is working together.,are,was,has been,No improvement,A,"""Both...and"" creates a plural subject, so it requires a plural verb."
SSC CGL Tier 1,English Comprehension,Sentence improvement,Sentence improvement,Sentence Improvement,Medium,MCQ,2,0.5,The project was delayed due to the team didn't cooperate.,because,owing to,because of,No improvement,A,"""Due to"" and ""because of"" are followed by noun phrases, whereas ""because"" introduces a clause."
SSC CGL Tier 1,English Comprehension,Sentence improvement,Sentence improvement,Sentence Improvement,Medium,MCQ,2,0.5,No sooner did the meeting end when the power went out.,than,then,before,No improvement,A,"The fixed correlative conjunction is ""No sooner...than""."
SSC CGL Tier 1,English Comprehension,Sentence improvement,Sentence improvement,Sentence Improvement,Medium,MCQ,2,0.5,Many a candidate has applied for the assistant post.,has applied,have applied,have apply,No improvement,D,"""Many a"" is followed by a singular noun and takes a singular verb. The sentence is already correct."
SSC CGL Tier 1,English Comprehension,Sentence improvement,Sentence improvement,Sentence Improvement,Medium,MCQ,2,0.5,She handles every customer query with professionally.,professionally,with professionalism,with professional,No improvement,A,"An adverb is needed to modify the verb ""handles"". Therefore, ""professionally"" is correct."
SSC CGL Tier 1,English Comprehension,Sentence improvement,Sentence improvement,Sentence Improvement,Medium,MCQ,2,0.5,This is the most perfect design for the corporate logo.,perfect,a perfect,the perfect,No improvement,A,"""Perfect"" is an absolute adjective and does not take comparative or superlative forms such as ""more"" or ""most""."
SSC CGL Tier 1,English Comprehension,Sentence improvement,Sentence improvement,Sentence Improvement,Medium,MCQ,2,0.5,The data provided by the department is verified.,are,were,have been,No improvement,D,"In modern English usage, ""data"" is often treated as a singular mass noun, making ""is verified"" acceptable."
SSC CGL Tier 1,English Comprehension,Sentence improvement,Sentence improvement,Sentence Improvement,Medium,MCQ,2,0.5,"If he would have worked hard, he would have passed Tier-2.",had worked,worked,works,No improvement,A,"In the Third Conditional, the if-clause takes the Past Perfect tense, while the main clause uses ""would have + past participle""."
SSC CGL Tier 1,English Comprehension,Sentence improvement,Sentence improvement,Sentence Improvement,Medium,MCQ,2,0.5,One must be honest to his profession.,one's,their,individual,No improvement,A,"When the subject is ""One"", the corresponding possessive pronoun should be ""one's""."
SSC CGL Tier 1,English Comprehension,Sentence improvement,Sentence improvement,Sentence Improvement,Medium,MCQ,2,0.5,The standard of living in metros is superior than rural areas.,superior to that in,superior than that in,superior to those in,No improvement,A,"The adjective ""superior"" is always followed by ""to"". Also, the comparison is between standards of living, so ""that in"" is required to avoid faulty comparison."
